Workbook

Sheet q&a
B1: 1. A composite indicator:
A2: a | B2: is used just for economic analysis
A3: b | B3: measures a multidimensional phenomenon
A4: c | B4: is used if any information is available
A5: d | B5: is not a quantitative measure
B7: 2. In composite indicators construction the aggregation:
A8: a | B8: is a weighted mean of normalised values
A9: b | B9: is the sum of elementary indicators
A10: c | B10: is the simple arithmethic mean of variables
A11: d | B11: allows to compare elementary indicators
B13: 3. A moving average is:
A14: a | B14: the overall mean
A15: b | B15: the averages of consecutive time series values for a chosen period of length
A16: c | B16: a graphical representation
A17: d | B17: used if some data are missing

Sheet Sheet1
A1: SUMMARY OUTPUT
A3: Regression Statistics
A4: Multiple R | B4: 0.82971807
A5: R Square | B5: 0.68843208
A6: Adjusted R Square | B6: 0.67730465
A7: Standard Error | B7: 6.8371006
A8: Observations | B8: 30
A10: ANOVA
B11: df | C11: SS | D11: MS | E11: F | F11: Significance F
A12: Regression | B12: 1 | C12: 2892.0802 | D12: 2892.0802 | E12: 61.868044 | F12: 1.441967e-08
A13: Residual | B13: 28 | C13: 1308.8865 | D13: 46.745945
A14: Total | B14: 29 | C14: 4200.9667
B16: Coefficients | C16: Standard Error | D16: t Stat | E16: P-value | F16: Lower 95% | G16: Upper 95% | H16: Lower 95,0% | I16: Upper 95,0%
A17: Intercept | B17: 5.0505747 | C17: 2.5603083 | D17: 1.9726432 | E17: 0.058484277 | F17: -0.19397907 | G17: 10.295128 | H17: -0.19397907 | I17: 10.295128
A18: X | B18: 1.1343715 | C18: 0.14421888 | D18: 7.8656242 | E18: 1.441967e-08 | F18: 0.83895254 | G18: 1.4297905 | H18: 0.83895254 | I18: 1.4297905
A22: RESIDUAL OUTPUT
A24: Observation | B24: Predicted BIO | C24: Residuals | D24: Standard Residuals
A25: 1 | B25: 6.1849462 | C25: -4.1849462 | D25: -0.62292806
A26: 2 | B26: 7.3193178 | C26: -1.3193178 | D26: -0.19638007
A27: 3 | B27: 8.4536893 | C27: -2.4536893 | D27: -0.36523095
A28: 4 | B28: 9.5880608 | C28: 1.4119392 | D28: 0.21016675
A29: 5 | B29: 10.722432 | C29: 4.2775677 | D29: 0.63671473
A30: 6 | B30: 11.856804 | C30: 4.1431961 | D30: 0.61671357
A31: 7 | B31: 12.991175 | C31: 9.0088246 | D31: 1.340961
A32: 8 | B32: 14.125547 | C32: 3.8744531 | D32: 0.57671124
A33: 9 | B33: 15.259918 | C33: 4.7400816 | D33: 0.7055598
A34: 10 | B34: 16.39429 | C34: 5.60571 | D34: 0.83440835
A35: 11 | B35: 17.528661 | C35: -6.5286615 | D35: -0.97178941
A36: 12 | B36: 18.663033 | C36: -3.663033 | D36: -0.54524142
... A54: 30 | B54: 39.08172 | C54: 4.9182796 | D54: 0.73208452

Sheet Sheet2
A1: SUMMARY OUTPUT
A3: Regression Statistics
A4: Multiple R | B4: 0.83789599
A5: R Square | B5: 0.70206969
A6: Adjusted R Square | B6: 0.68000078
A7: Standard Error | B7: 6.8084786
A8: Observations | B8: 30
A10: ANOVA
B11: df | C11: SS | D11: MS | E11: F | F11: Significance F
A12: Regression | B12: 2 | C12: 2949.3714 | D12: 1474.6857 | E12: 31.81261 | F12: 7.9533166e-08
A13: Residual | B13: 27 | C13: 1251.5953 | D13: 46.355381
A14: Total | B14: 29 | C14: 4200.9667
B16: Coefficients | C16: Standard Error | D16: t Stat | E16: P-value | F16: Lower 95% | G16: Upper 95% | H16: Lower 95,0% | I16: Upper 95,0%
A17: Intercept | B17: 8.4660099 | C17: 3.9923607 | D17: 2.1205523 | E17: 0.043291934 | F17: 0.27436234 | G17: 16.657657 | H17: 0.27436234 | I17: 16.657657
A18: X2 | B18: 0.020657874 | C18: 0.018581974 | D18: 1.1117158 | E18: 0.2760619 | F18: -0.017469188 | G18: 0.058784936 | H18: -0.017469188 | I18: 0.058784936
A19: X | B19: 0.49397744 | C19: 0.59367396 | D19: 0.83206855 | E19: 0.4126694 | F19: -0.72414092 | G19: 1.7120958 | H19: -0.72414092 | I19: 1.7120958
A23: RESIDUAL OUTPUT
A25: Observation | B25: Predicted BIO | C25: Residuals | D25: Standard Residuals
A26: 1 | B26: 8.9806452 | C26: -6.9806452 | D26: -1.0625824
A27: 2 | B27: 9.5365962 | C27: -3.5365962 | D27: -0.53833488
A28: 3 | B28: 10.133863 | C28: -4.133863 | D28: -0.62924985
A29: 4 | B29: 10.772446 | C29: 0.22755443 | D29: 0.034637961
A30: 5 | B30: 11.452344 | C30: 3.5476561 | D30: 0.5400184
A31: 6 | B31: 12.173558 | C31: 3.8264421 | D31: 0.58245474
A32: 7 | B32: 12.936088 | C32: 9.0639123 | D32: 1.3796939
A33: 8 | B33: 13.739933 | C33: 4.2600667 | D33: 0.64846037
A34: 9 | B34: 14.585095 | C34: 5.4149055 | D34: 0.82424803
A35: 10 | B35: 15.471572 | C35: 6.5284284 | D35: 0.99374666
A36: 11 | B36: 16.399364 | C36: -5.3993644 | D36: -0.82188239
A37: 12 | B37: 17.368473 | C37: -2.3684729 | D37: -0.36052506
... A55: 30 | B55: 41.877419 | C55: 2.1225806 | D55: 0.32309574

Sheet Sheet3
A1: SUMMARY OUTPUT
A3: Regression Statistics
A4: Multiple R | B4: 0.77988919
A5: R Square | B5: 0.60822714
A6: Adjusted R Square | B6: 0.59423525
A7: Standard Error | B7: 0.18957967
A8: Observations | B8: 30
A10: ANOVA
B11: df | C11: SS | D11: MS | E11: F | F11: Significance F
A12: Regression | B12: 1 | C12: 1.5623309 | D12: 1.5623309 | E12: 43.469984 | F12: 3.7673201e-07
A13: Residual | B13: 28 | C13: 1.0063326 | D13: 0.035940452
A14: Total | B14: 29 | C14: 2.5686635
B16: Coefficients | C16: Standard Error | D16: t Stat | E16: P-value | F16: Lower 95% | G16: Upper 95% | H16: Lower 95,0% | I16: Upper 95,0%
A17: Intercept | B17: 0.86831028 | C17: 0.070992432 | D17: 12.231026 | E17: 9.487427e-13 | F17: 0.72288888 | G17: 1.0137317 | H17: 0.72288888 | I17: 1.0137317 | L17: b0 | M17: =10^B17 -> 7.3843162
A18: X | B18: 0.026365539 | C18: 0.0039989126 | D18: 6.5931771 | E18: 3.7673201e-07 | F18: 0.018174138 | G18: 0.03455694 | H18: 0.018174138 | I18: 0.03455694 | L18: b1 | M18: =10^B18 -> 1.0625895
A22: RESIDUAL OUTPUT
I23: Y HAT EXP
A24: Observation | B24: Predicted LY | C24: Residuals | D24: Standard Residuals | H24: 0.89467582 | I24: =10^H24 -> 7.8464972
A25: 1 | B25: 0.89467582 | C25: -0.59364583 | D25: -3.1868061 | H25: 0.92104136 | I25: =10^H25 -> 8.3376059
A26: 2 | B26: 0.92104136 | C26: -0.14289011 | D26: -0.76706187 | H26: 0.9474069 | I26: =10^H26 -> 8.8594529
A27: 3 | B27: 0.9474069 | C27: -0.16925565 | D27: -0.9085972 | H27: 0.97377244 | I27: =10^H27 -> 9.413962
A28: 4 | B28: 0.97377244 | C28: 0.067620244 | D28: 0.3629986 | H28: 1.000138 | I28: =10^H28 -> 10.003178
A29: 5 | B29: 1.000138 | C29: 0.17595328 | D29: 0.94455137 | H29: 1.0265035 | I29: =10^H29 -> 10.629272
A30: 6 | B30: 1.0265035 | C30: 0.17761646 | D30: 0.95347967 | H30: 1.0528691 | I30: =10^H30 -> 11.294553
A31: 7 | B31: 1.0528691 | C31: 0.28955362 | D31: 1.5543801 | H31: 1.0792346 | I31: =10^H31 -> 12.001474
A32: 8 | B32: 1.0792346 | C32: 0.17603791 | D32: 0.94500567 | H32: 1.1056001 | I32: =10^H32 -> 12.752641
A33: 9 | B33: 1.1056001 | C33: 0.19542986 | D33: 1.0491054 | H33: 1.1319657 | I33: =10^H33 -> 13.550823
A34: 10 | B34: 1.1319657 | C34: 0.21045701 | D34: 1.1297741 | H34: 1.1583312 | I34: =10^H34 -> 14.398963
A35: 11 | B35: 1.1583312 | C35: -0.11693853 | D35: -0.62774874 | H35: 1.1846968 | I35: =10^H35 -> 15.300188
A36: 12 | B36: 1.1846968 | C36: -0.0086054951 | D36: -0.046195969 | H36: 1.2110623 | I36: =10^H36 -> 16.257819
... A53: 29 | B53: 1.6329109 | C53: -0.030850929 | D53: -0.16561378 | H53: 1.6592765 | I53: =10^H53 -> 45.632731
A54: 30 | B54: 1.6592765 | C54: -0.015823783 | D54: -0.084945138

Sheet ex_1
A1: Table 1 shows the distribution of a sample of households considering the number of biological food (BIO) purchased in the last 30 years
A4: Table 1
B5: X2 | C5: X | D5: BIO | E5: LY | F5: YHAT LINEAR | G5: YHAT QUAD | H5: Y HAT EXP | I5: MAPE contrib L | J5: MAPE contrib Q | K5: MAPE contrib E | M5: YHAT LINEAR | N5: YHAT QUADR
B6: =C6^2 -> 1 | C6: 1 | D6: 2 | E6: =LOG10(D6) -> 0.30103 | F6: 6.1849462 | G6: 8.9806452 | H6: 7.8464972 | I6: =ABS(D6-F6)/D6 -> 2.0924731 | J6: =ABS(D6-G6)/D6 -> 3.4903226 | K6: =ABS(D6-H6)/D6 -> 2.9232486 | M6: =Sheet1!$B$17+Sheet1!$B$18*ex_1!C6 -> 6.1849462 | N6: =Sheet2!$B$17+Sheet2!$B$18*ex_1!B6+ex_1!C6*Sheet2!$B$19 -> 8.9806452
B7: =C7^2 -> 4 | C7: 2 | D7: 6 | E7: =LOG10(D7) -> 0.77815125 | F7: 7.3193178 | G7: 9.5365962 | H7: 8.3376059 | I7: =ABS(D7-F7)/D7 -> 0.21988629 | J7: =ABS(D7-G7)/D7 -> 0.5894327 | K7: =ABS(D7-H7)/D7 -> 0.38960098 | M7: =Sheet1!$B$17+Sheet1!$B$18*ex_1!C7 -> 7.3193178 | N7: =Sheet2!$B$17+Sheet2!$B$18*ex_1!B7+ex_1!C7*Sheet2!$B$19 -> 9.5365962
B8: =C8^2 -> 9 | C8: 3 | D8: 6 | E8: =LOG10(D8) -> 0.77815125 | F8: 8.4536893 | G8: 10.133863 | H8: 8.8594529 | I8: =ABS(D8-F8)/D8 -> 0.40894821 | J8: =ABS(D8-G8)/D8 -> 0.68897717 | K8: =ABS(D8-H8)/D8 -> 0.47657548 | M8: =Sheet1!$B$17+Sheet1!$B$18*ex_1!C8 -> 8.4536893 | N8: =Sheet2!$B$17+Sheet2!$B$18*ex_1!B8+ex_1!C8*Sheet2!$B$19 -> 10.133863
B9: =C9^2 -> 16 | C9: 4 | D9: 11 | E9: =LOG10(D9) -> 1.0413927 | F9: 9.5880608 | G9: 10.772446 | H9: 9.413962 | I9: =ABS(D9-F9)/D9 -> 0.12835811 | J9: =ABS(D9-G9)/D9 -> 0.020686764 | K9: =ABS(D9-H9)/D9 -> 0.14418527 | M9: =Sheet1!$B$17+Sheet1!$B$18*ex_1!C9 -> 9.5880608 | N9: =Sheet2!$B$17+Sheet2!$B$18*ex_1!B9+ex_1!C9*Sheet2!$B$19 -> 10.772446
B10: =C10^2 -> 25 | C10: 5 | D10: 15 | E10: =LOG10(D10) -> 1.1760913 | F10: 10.722432 | G10: 11.452344 | H10: 10.003178 | I10: =ABS(D10-F10)/D10 -> 0.28517118 | J10: =ABS(D10-G10)/D10 -> 0.23651041 | K10: =ABS(D10-H10)/D10 -> 0.33312149 | M10: =Sheet1!$B$17+Sheet1!$B$18*ex_1!C10 -> 10.722432 | N10: =Sheet2!$B$17+Sheet2!$B$18*ex_1!B10+ex_1!C10*Sheet2!$B$19 -> 11.452344
B11: =C11^2 -> 36 | C11: 6 | D11: 16 | E11: =LOG10(D11) -> 1.20412 | F11: 11.856804 | G11: 12.173558 | H11: 10.629272 | I11: =ABS(D11-F11)/D11 -> 0.25894976 | J11: =ABS(D11-G11)/D11 -> 0.23915263 | K11: =ABS(D11-H11)/D11 -> 0.3356705 | M11: =Sheet1!$B$17+Sheet1!$B$18*ex_1!C11 -> 11.856804 | N11: =Sheet2!$B$17+Sheet2!$B$18*ex_1!B11+ex_1!C11*Sheet2!$B$19 -> 12.173558
B12: =C12^2 -> 49 | C12: 7 | D12: 22 | E12: =LOG10(D12) -> 1.3424227 | F12: 12.991175 | G12: 12.936088 | H12: 11.294553 | I12: =ABS(D12-F12)/D12 -> 0.40949203 | J12: =ABS(D12-G12)/D12 -> 0.41199601 | K12: =ABS(D12-H12)/D12 -> 0.48661121 | M12: =Sheet1!$B$17+Sheet1!$B$18*ex_1!C12 -> 12.991175 | N12: =Sheet2!$B$17+Sheet2!$B$18*ex_1!B12+ex_1!C12*Sheet2!$B$19 -> 12.936088
B13: =C13^2 -> 64 | C13: 8 | D13: 18 | E13: =LOG10(D13) -> 1.2552725 | F13: 14.125547 | G13: 13.739933 | H13: 12.001474 | I13: =ABS(D13-F13)/D13 -> 0.21524739 | J13: =ABS(D13-G13)/D13 -> 0.23667037 | K13: =ABS(D13-H13)/D13 -> 0.33325143 | M13: =Sheet1!$B$17+Sheet1!$B$18*ex_1!C13 -> 14.125547 | N13: =Sheet2!$B$17+Sheet2!$B$18*ex_1!B13+ex_1!C13*Sheet2!$B$19 -> 13.739933
B14: =C14^2 -> 81 | C14: 9 | D14: 20 | E14: =LOG10(D14) -> 1.30103 | F14: 15.259918 | G14: 14.585095 | H14: 12.752641 | I14: =ABS(D14-F14)/D14 -> 0.23700408 | J14: =ABS(D14-G14)/D14 -> 0.27074528 | K14: =ABS(D14-H14)/D14 -> 0.36236795 | M14: =Sheet1!$B$17+Sheet1!$B$18*ex_1!C14 -> 15.259918 | N14: =Sheet2!$B$17+Sheet2!$B$18*ex_1!B14+ex_1!C14*Sheet2!$B$19 -> 14.585095
B15: =C15^2 -> 100 | C15: 10 | D15: 22 | E15: =LOG10(D15) -> 1.3424227 | F15: 16.39429 | G15: 15.471572 | H15: 13.550823 | I15: =ABS(D15-F15)/D15 -> 0.254805 | J15: =ABS(D15-G15)/D15 -> 0.29674675 | K15: =ABS(D15-H15)/D15 -> 0.3840535 | M15: =Sheet1!$B$17+Sheet1!$B$18*ex_1!C15 -> 16.39429 | N15: =Sheet2!$B$17+Sheet2!$B$18*ex_1!B15+ex_1!C15*Sheet2!$B$19 -> 15.471572
B16: =C16^2 -> 121 | C16: 11 | D16: 11 | E16: =LOG10(D16) -> 1.0413927 | F16: 17.528661 | G16: 16.399364 | H16: 14.398963 | I16: =ABS(D16-F16)/D16 -> 0.59351468 | J16: =ABS(D16-G16)/D16 -> 0.49085131 | K16: =ABS(D16-H16)/D16 -> 0.30899663 | M16: =Sheet1!$B$17+Sheet1!$B$18*ex_1!C16 -> 17.528661 | N16: =Sheet2!$B$17+Sheet2!$B$18*ex_1!B16+ex_1!C16*Sheet2!$B$19 -> 16.399364
B17: =C17^2 -> 144 | C17: 12 | D17: 15 | E17: =LOG10(D17) -> 1.1760913 | F17: 18.663033 | G17: 17.368473 | H17: 15.300188 | I17: =ABS(D17-F17)/D17 -> 0.2442022 | J17: =ABS(D17-G17)/D17 -> 0.15789819 | K17: =ABS(D17-H17)/D17 -> 0.020012503 | M17: =Sheet1!$B$17+Sheet1!$B$18*ex_1!C17 -> 18.663033 | N17: =Sheet2!$B$17+Sheet2!$B$18*ex_1!B17+ex_1!C17*Sheet2!$B$19 -> 17.368473
... B35: =C35^2 -> 900 | C35: 30 | D35: 44 | E35: =LOG10(D35) -> 1.6434527 | F35: 39.08172 | G35: 41.877419 | H35: 45.632731 | I35: =ABS(D35-F35)/D35 -> 0.11177908 | J35: =ABS(D35-G35)/D35 -> 0.048240468 | K35: =ABS(D35-H35)/D35 -> 0.037107518 | M35: =Sheet1!$B$17+Sheet1!$B$18*ex_1!C35 -> 39.08172 | N35: =Sheet2!$B$17+Sheet2!$B$18*ex_1!B35+ex_1!C35*Sheet2!$B$19 -> 41.877419
I36: =SUM(I6:I35) -> 10.795961 | J36: =SUM(J6:J35) -> 12.156274 | K36: =SUM(K6:K35) -> 11.456605
H37: MAPE | I37: =I36/30 -> 0.35986537 | J37: =J36/30 -> 0.40520912 | K37: =K36/30 -> 0.38188684
A40: 1) find the intercept and the slope coefficients for the linear trend model, for the exponential trend model and for the quadratic trend model
A41: 2) plot, in the same graph, the empirical values and the estimated values obtained by the models
A42: 3) choose the best model solution based on R2 and explain your choice

Sheet ex_2
A1: Table 2 shows the quantities and prices of the beverage sector recorded in 2022 and 2023.
B3: Table 2
C4: 2022 | E4: 2023
C5: Q | D5: P | E5: Q | F5: P | H5: Paasche N contribution | I5: Paasche d contribution
B6: Lemonade | C6: 18 | D6: 0.9 | E6: 15 | F6: 1.02 | H6: =F6*E6 -> 15.3 | I6: =D6*E6 -> 13.5
B7: Water | C7: 24 | D7: 0.8 | E7: 27 | F7: 0.87 | H7: =F7*E7 -> 23.49 | I7: =D7*E7 -> 21.6
B8: Orange juice | C8: 16 | D8: 0.3 | E8: 15 | F8: 0.24 | H8: =F8*E8 -> 3.6 | I8: =D8*E8 -> 4.5
H9: =SUM(H6:H8) -> 42.39 | I9: =SUM(I6:I8) -> 39.6
A10: Laspeyers | B10: =C11/C12 -> 1.0716418 | C10: 1.0716418
A11: Numer | B11: ∑P23*Q22 | C11: =F6*C6+F7*C7+F8*C8 -> 43.08 | I11: =H9/I9*100 -> 107.04545
A12: Denom | B12: ∑P22*Q22 | C12: =D6*C6+D7*C7+D8*C8 -> 40.2
A14: Paasche | B14: =C15/C16 -> 1.0704545 | C14: 1.0704545
A15: Numer | B15: ∑P23*Q23 | C15: =H9 -> 42.39
A16: Denom | B16: ∑P22*Q23 | C16: =I9 -> 39.6
A18: Fischer | B18: =SQRT(B10*B14) -> 1.071048 | C18: 1.071048
B20: =B18-1 -> 0.071048004
A22: Determine:
A23: 1) The price index numbers and provide a comment
A24: 2) By using the Fisher index number, calculate the percentage change in the cost of the overall production sector and provide a comment

Sheet Sheet4
C8: Table 2
D9: 2022 | F9: 2023
D10: Q | E10: P | F10: Q | G10: P | I10: Laspeyers N contribution | J10: Laspeyeres d contribution
C11: Lemonade | D11: 18 | E11: 0.9 | F11: 15 | G11: 1.02 | I11: =G11*D11 -> 18.36 | J11: =E11*D11 -> 16.2
C12: Water | D12: 24 | E12: 0.8 | F12: 27 | G12: 0.92 | I12: 24X | J12: =E12*D12 -> 19.2
C13: Orange juice | D13: 16 | E13: 0.3 | F13: 15 | G13: 0.24 | I13: =G13*D13 -> 3.84 | J13: =E13*D13 -> 4.8
I15: =I11+I13 -> 22.2 | J15: =SUM(J11:J13) -> 40.2
C16: Based on Laspeyer price index, there has been an increase by 10% | M16: =40.2*1.1 -> 44.22
I18: 1,1=(22,2+24X)/(40,2)
C20: Laspeyers | D20: =10/100+1 -> 1.1
C22: 1.1
I23: 1,1*40,2=22,2+24X | L23: 44,22=22,2+24X
C27: =(G11*D11+G12*D12+G13*D13)/(E11*D11+E12*D12+E13*D13) -> 1.1014925
L28: 44,22-22,2=24X | O28: 22,02=24X
O33: X=22,02/24 | R33: =22.02/24 -> 0.9175
